Workbook

Sheet Cost Breakdown
A1: category | B1: Menu Item | C1: Component | D1: Ingredient | E1: Amount per Portion | F1: Portion Unit | G1: Wholesale Price (per Base Unit) | H1: Cost per Portion Amount | I1: Subtotal per Component | J1: Cost per Menu Item | K1: Menu Price
A2: entrée | B2: Chicken Biscuit | C2: Biscuit | D2: Flour | E2: 0.25 | F2: cup | G2: $0.60/lb | H2: 0.04 | I2: =SUM(H2:H6) -> 0.39 | J2: =$I$19 -> 2.34 | K2: =CEILING(($J$2*3),0.5) -> 7.5
A3: entrée | B3: Chicken Biscuit | C3: Biscuit | D3: Baking Powder | E3: 0.13 | F3: tbsp | G3: $4.50/lb | H3: 0.01 | J3: =$I$19 -> 2.34 | K3: =CEILING((J3*3),0.5) -> 7.5
A4: entrée | B4: Chicken Biscuit | C4: Biscuit | D4: Salt | E4: 0.13 | F4: tbsp | G4: $0.75/lb | H4: 0 | J4: =$I$19 -> 2.34 | K4: =CEILING((J4*3),0.5) -> 7.5
A5: entrée | B5: Chicken Biscuit | C5: Biscuit | D5: Butter | E5: 1 | F5: tbsp | G5: $2.55/lb | H5: 0.08 | J5: =$I$19 -> 2.34 | K5: =CEILING((J5*3),0.5) -> 7.5
A6: entrée | B6: Chicken Biscuit | C6: Biscuit | D6: Buttermilk | E6: 0.13 | F6: cup | G6: $4.00/gal | H6: 0.26 | J6: =$I$19 -> 2.34 | K6: =CEILING((J6*3),0.5) -> 7.5
A7: entrée | B7: Chicken Biscuit | C7: Fried Chicken Cutlet | D7: Chicken Breast | E7: 0.5 | F7: lb | G7: $3.00/lb | H7: 1.5 | I7: =SUM(H7:H18) -> 1.95 | J7: =$I$19 -> 2.34 | K7: =CEILING((J7*3),0.5) -> 7.5
A8: entrée | B8: Chicken Biscuit | C8: Fried Chicken Cutlet | D8: Dill Pickle Juice | E8: 0.25 | F8: cup | G8: $5.00/gal | H8: 0.1 | J8: =$I$19 -> 2.34 | K8: =CEILING((J8*3),0.5) -> 7.5
A9: entrée | B9: Chicken Biscuit | C9: Fried Chicken Cutlet | D9: Egg | E9: 0.25 | F9: egg | G9: $0.21/egg | H9: 0.05 | J9: =$I$19 -> 2.34 | K9: =CEILING((J9*3),0.5) -> 7.5
A10: entrée | B10: Chicken Biscuit | C10: Fried Chicken Cutlet | D10: Whole Milk | E10: 0.13 | F10: cup | G10: $2.75/gal | H10: 0.09 | J10: =$I$19 -> 2.34 | K10: =CEILING((J10*3),0.5) -> 7.5
A11: entrée | B11: Chicken Biscuit | C11: Fried Chicken Cutlet | D11: Franks Red Hot | E11: 0.25 | F11: tbsp | G11: $13.50/gal | H11: 0.03 | J11: =$I$19 -> 2.34 | K11: =CEILING((J11*3),0.5) -> 7.5
A12: entrée | B12: Chicken Biscuit | C12: Fried Chicken Cutlet | D12: Flour | E12: 0.25 | F12: cup | G12: $0.60/lb | H12: 0.04 | J12: =$I$19 -> 2.34 | K12: =CEILING((J12*3),0.5) -> 7.5
A13: entrée | B13: Chicken Biscuit | C13: Fried Chicken Cutlet | D13: Powdered Sugar | E13: 0.5 | F13: tbsp | G13: $0.75/lb | H13: 0.01 | J13: =$I$19 -> 2.34 | K13: =CEILING((J13*3),0.5) -> 7.5
A14: entrée | B14: Chicken Biscuit | C14: Fried Chicken Cutlet | D14: Paprika | E14: 0.25 | F14: tbsp | G14: $7.00/lb | H14: 0.04 | J14: =$I$19 -> 2.34 | K14: =CEILING((J14*3),0.5) -> 7.5
A15: entrée | B15: Chicken Biscuit | C15: Fried Chicken Cutlet | D15: Salt | E15: 0.25 | F15: tbsp | G15: $0.75/lb | H15: 0 | J15: =$I$19 -> 2.34 | K15: =CEILING((J15*3),0.5) -> 7.5
A16: entrée | B16: Chicken Biscuit | C16: Fried Chicken Cutlet | D16: Black Pepper | E16: 0.25 | F16: tbsp | G16: $8.00/lb | H16: 0.05 | J16: =$I$19 -> 2.34 | K16: =CEILING((J16*3),0.5) -> 7.5
A17: entrée | B17: Chicken Biscuit | C17: Fried Chicken Cutlet | D17: Garlic Salt | E17: 0.25 | F17: tbsp | G17: $5.25/lb | H17: 0.04 | J17: =$I$19 -> 2.34 | K17: =CEILING((J17*3),0.5) -> 7.5
A18: entrée | B18: Chicken Biscuit | C18: Fried Chicken Cutlet | D18: Frying Oil | F18: - | G18: Negligible | H18: 0 | J18: =$I$19 -> 2.34 | K18: =CEILING((J18*3),0.5) -> 7.5
A19: entrée | B19: Total per Chicken Biscuit Portion | C19: - | D19: - | F19: - | G19: - | I19: =SUM(I2:I18) -> 2.34 | J19: =$I$19 -> 2.34 | K19: =CEILING((J19*3),0.5) -> 7.5
A20: entrée | B20: Biscuits n Chicken Gravy | C20: Biscuit | D20: Flour | E20: 0.25 | F20: cup | G20: $0.60/lb | H20: 0.04 | I20: =SUM(H20:H24) -> 0.39 | J20: =$I$32 -> 1.19 | K20: =CEILING(($J$20*3),0.5) -> 4
A21: entrée | B21: Biscuits n Chicken Gravy | C21: Biscuit | D21: Baking Powder | E21: 0.13 | F21: tbsp | G21: $4.50/lb | H21: 0.01 | J21: =$I$32 -> 1.19 | K21: =CEILING((J21*3),0.5) -> 4
A22: entrée | B22: Biscuits n Chicken Gravy | C22: Biscuit | D22: Salt | E22: 0.13 | F22: tbsp | G22: $0.75/lb | H22: 0 | J22: =$I$32 -> 1.19 | K22: =CEILING((J22*3),0.5) -> 4
A23: entrée | B23: Biscuits n Chicken Gravy | C23: Biscuit | D23: Butter | E23: 1 | F23: tbsp | G23: $2.55/lb | H23: 0.08 | J23: =$I$32 -> 1.19 | K23: =CEILING((J23*3),0.5) -> 4
A24: entrée | B24: Biscuits n Chicken Gravy | C24: Biscuit | D24: Buttermilk | E24: 0.13 | F24: cup | G24: $4.00/gal | H24: 0.26 | J24: =$I$32 -> 1.19 | K24: =CEILING((J24*3),0.5) -> 4
A25: entrée | B25: Biscuits n Chicken Gravy | C25: Chicken Gravy | D25: Chicken Drippings | E25: 2 | F25: tbsp | G25: $0.00 (byproduct) | H25: 0 | I25: =SUM(H25:H31) -> 0.8 | J25: =$I$32 -> 1.19 | K25: =CEILING((J25*3),0.5) -> 4
A26: entrée | B26: Biscuits n Chicken Gravy | C26: Chicken Gravy | D26: Butter | E26: 2 | F26: tbsp | G26: $2.55/lb | H26: 0.16 | J26: =$I$32 -> 1.19 | K26: =CEILING((J26*3),0.5) -> 4
A27: entrée | B27: Biscuits n Chicken Gravy | C27: Chicken Gravy | D27: Flour | E27: 0.25 | F27: cup | G27: $0.60/lb | H27: 0.04 | J27: =$I$32 -> 1.19 | K27: =CEILING((J27*3),0.5) -> 4
A28: entrée | B28: Biscuits n Chicken Gravy | C28: Chicken Gravy | D28: Whole Milk | E28: 2 | F28: cup | G28: $2.75/gal | H28: 0.34 | J28: =$I$32 -> 1.19 | K28: =CEILING((J28*3),0.5) -> 4
A29: entrée | B29: Biscuits n Chicken Gravy | C29: Chicken Gravy | D29: Salt | E29: 1 | F29: tbsp | G29: $0.75/lb | H29: 0.02 | J29: =$I$32 -> 1.19 | K29: =CEILING((J29*3),0.5) -> 4
A30: entrée | B30: Biscuits n Chicken Gravy | C30: Chicken Gravy | D30: Black Pepper | E30: 1 | F30: tbsp | G30: $8.00/lb | H30: 0.2 | J30: =$I$32 -> 1.19 | K30: =CEILING((J30*3),0.5) -> 4
A31: entrée | B31: Biscuits n Chicken Gravy | C31: Chicken Gravy | D31: Chicken Boullion | E31: 1 | F31: tsp | G31: $6.00/lb | H31: 0.04 | J31: =$I$32 -> 1.19 | K31: =CEILING((J31*3),0.5) -> 4
A32: entrée | B32: Total per Biscuits n Chicken Gravy Portion | C32: - | D32: - | F32: - | G32: - | I32: =SUM(I20:I31) -> 1.19 | J32: =$I$32 -> 1.19 | K32: =CEILING((J32*3),0.5) -> 4
A33: entrée | B33: 4 pc Tenders | C33: Fried Chicken Tenderloins | D33: Chicken Breast | E33: 0.5 | F33: lb | G33: $3.00/lb | H33: 1.5 | I33: =SUM(H33:H44) -> 1.95 | J33: =$I$45 -> 1.95 | K33: =CEILING(($J$33*3),0.5) -> 6
A34: entrée | B34: 4 pc Tenders | C34: Fried Chicken Tenderloins | D34: Dill Pickle Juice | E34: 0.25 | F34: cup | G34: $5.00/gal | H34: 0.1 | J34: =$I$45 -> 1.95 | K34: =CEILING((J34*3),0.5) -> 6
A35: entrée | B35: 4 pc Tenders | C35: Fried Chicken Tenderloins | D35: Egg | E35: 0.25 | F35: egg | G35: $0.21/egg | H35: 0.05 | J35: =$I$45 -> 1.95 | K35: =CEILING((J35*3),0.5) -> 6
A36: entrée | B36: 4 pc Tenders | C36: Fried Chicken Tenderloins | D36: Whole Milk | E36: 0.13 | F36: cup | G36: $2.75/gal | H36: 0.09 | J36: =$I$45 -> 1.95 | K36: =CEILING((J36*3),0.5) -> 6
A37: entrée | B37: 4 pc Tenders | C37: Fried Chicken Tenderloins | D37: Franks Red Hot | E37: 0.25 | F37: tbsp | G37: $13.50/gal | H37: 0.03 | J37: =$I$45 -> 1.95 | K37: =CEILING((J37*3),0.5) -> 6
A38: entrée | B38: 4 pc Tenders | C38: Fried Chicken Tenderloins | D38: Flour | E38: 0.25 | F38: cup | G38: $0.60/lb | H38: 0.04 | J38: =$I$45 -> 1.95 | K38: =CEILING((J38*3),0.5) -> 6
A39: entrée | B39: 4 pc Tenders | C39: Fried Chicken Tenderloins | D39: Powdered Sugar | E39: 0.5 | F39: tbsp | G39: $0.75/lb | H39: 0.01 | J39: =$I$45 -> 1.95 | K39: =CEILING((J39*3),0.5) -> 6
A40: entrée | B40: 4 pc Tenders | C40: Fried Chicken Tenderloins | D40: Paprika | E40: 0.25 | F40: tbsp | G40: $7.00/lb | H40: 0.04 | J40: =$I$45 -> 1.95 | K40: =CEILING((J40*3),0.5) -> 6
A41: entrée | B41: 4 pc Tenders | C41: Fried Chicken Tenderloins | D41: Salt | E41: 0.25 | F41: tbsp | G41: $0.75/lb | H41: 0 | J41: =$I$45 -> 1.95 | K41: =CEILING((J41*3),0.5) -> 6
A42: entrée | B42: 4 pc Tenders | C42: Fried Chicken Tenderloins | D42: Black Pepper | E42: 0.25 | F42: tbsp | G42: $8.00/lb | H42: 0.05 | J42: =$I$45 -> 1.95 | K42: =CEILING((J42*3),0.5) -> 6
A43: entrée | B43: 4 pc Tenders | C43: Fried Chicken Tenderloins | D43: Garlic Salt | E43: 0.25 | F43: tbsp | G43: $5.25/lb | H43: 0.04 | J43: =$I$45 -> 1.95 | K43: =CEILING((J43*3),0.5) -> 6
A44: entrée | B44: 4 pc Tenders | C44: Fried Chicken Tenderloins | D44: Frying Oil | F44: - | G44: Negligible | H44: 0 | J44: =$I$45 -> 1.95 | K44: =CEILING((J44*3),0.5) -> 6
A45: entrée | B45: Total per 4 pc Tenders Portion | C45: - | D45: - | F45: - | G45: - | I45: 1.95 | J45: =$I$45 -> 1.95 | K45: =CEILING((J45*3),0.5) -> 6
A46: entrée | B46: Chicken Sandwich | C46: Fried Chicken Cutlet | D46: Chicken Breast | E46: 0.5 | F46: lb | G46: $3.00/lb | H46: 1.5 | I46: =SUM(H46:H57) -> 1.95 | J46: =$I$61 -> 2.49 | K46: =CEILING(($J$46*3),0.5) -> 7.5
A47: entrée | B47: Chicken Sandwich | C47: Fried Chicken Cutlet | D47: Dill Pickle Juice | E47: 0.25 | F47: cup | G47: $5.00/gal | H47: 0.1 | J47: =$I$61 -> 2.49 | K47: =CEILING((J47*3),0.5) -> 7.5
A48: entrée | B48: Chicken Sandwich | C48: Fried Chicken Cutlet | D48: Egg | E48: 0.25 | F48: egg | G48: $0.21/egg | H48: 0.05 | J48: =$I$61 -> 2.49 | K48: =CEILING((J48*3),0.5) -> 7.5
A49: entrée | B49: Chicken Sandwich | C49: Fried Chicken Cutlet | D49: Whole Milk | E49: 0.13 | F49: cup | G49: $2.75/gal | H49: 0.09 | J49: =$I$61 -> 2.49 | K49: =CEILING((J49*3),0.5) -> 7.5
A50: entrée | B50: Chicken Sandwich | C50: Fried Chicken Cutlet | D50: Franks Red Hot | E50: 0.25 | F50: tbsp | G50: $13.50/gal | H50: 0.03 | J50: =$I$61 -> 2.49 | K50: =CEILING((J50*3),0.5) -> 7.5
A51: entrée | B51: Chicken Sandwich | C51: Fried Chicken Cutlet | D51: Flour | E51: 0.25 | F51: cup | G51: $0.60/lb | H51: 0.04 | J51: =$I$61 -> 2.49 | K51: =CEILING((J51*3),0.5) -> 7.5
A52: entrée | B52: Chicken Sandwich | C52: Fried Chicken Cutlet | D52: Powdered Sugar | E52: 0.5 | F52: tbsp | G52: $0.75/lb | H52: 0.01 | J52: =$I$61 -> 2.49 | K52: =CEILING((J52*3),0.5) -> 7.5
A53: entrée | B53: Chicken Sandwich | C53: Fried Chicken Cutlet | D53: Paprika | E53: 0.25 | F53: tbsp | G53: $7.00/lb | H53: 0.04 | J53: =$I$61 -> 2.49 | K53: =CEILING((J53*3),0.5) -> 7.5
A54: entrée | B54: Chicken Sandwich | C54: Fried Chicken Cutlet | D54: Salt | E54: 0.25 | F54: tbsp | G54: $0.75/lb | H54: 0 | J54: =$I$61 -> 2.49 | K54: =CEILING((J54*3),0.5) -> 7.5
A55: entrée | B55: Chicken Sandwich | C55: Fried Chicken Cutlet | D55: Black Pepper | E55: 0.25 | F55: tbsp | G55: $8.00/lb | H55: 0.05 | J55: =$I$61 -> 2.49 | K55: =CEILING((J55*3),0.5) -> 7.5
A56: entrée | B56: Chicken Sandwich | C56: Fried Chicken Cutlet | D56: Garlic Salt | E56: 0.25 | F56: tbsp | G56: $5.25/lb | H56: 0.04 | J56: =$I$61 -> 2.49 | K56: =CEILING((J56*3),0.5) -> 7.5
A57: entrée | B57: Chicken Sandwich | C57: Fried Chicken Cutlet | D57: Frying Oil | F57: - | G57: Negligible | H57: 0 | J57: =$I$61 -> 2.49 | K57: =CEILING((J57*3),0.5) -> 7.5
A58: entrée | B58: Chicken Sandwich | C58: Sandwich Bun | D58: Sandwich Buns | E58: 1 | F58: sandwich bun | G58: $0.30/each | H58: 0.3 | I58: =SUM(H58:H59) -> 0.34 | J58: =$I$61 -> 2.49 | K58: =CEILING((J58*3),0.5) -> 7.5
A59: entrée | B59: Chicken Sandwich | C59: Sandwich Bun | D59: Butter | E59: 0.5 | F59: tbsp | G59: $2.55/lb | H59: 0.04 | J59: =$I$61 -> 2.49 | K59: =CEILING((J59*3),0.5) -> 7.5
A60: entrée | B60: Chicken Sandwich | C60: Dill Pickle Chips | D60: Dill Pickles | E60: 0.01 | F60: gallon jar | G60: $20.00/gal jar | H60: 0.2 | I60: =SUM(H60) -> 0.2 | J60: =$I$61 -> 2.49 | K60: =CEILING((J60*3),0.5) -> 7.5
A61: entrée | B61: Total per Chicken Sandwich Portion | C61: - | D61: - | F61: - | G61: - | I61: =SUM(I46:I60) -> 2.49 | J61: =$I$61 -> 2.49 | K61: =CEILING((J61*3),0.5) -> 7.5
A62: entrée | B62: Chicken n Dumplings | C62: Dumpling Broth | D62: Chicken Broth | E62: 2 | F62: cup | G62: $1.50/gal | H62: 0.375 | I62: =SUM(H62:H68) -> 1.295 | J62: =$I$74 -> 2.065 | K62: =CEILING((J62*3),0.5) -> 6.5
A63: entrée | B63: Chicken n Dumplings | C63: Dumpling Broth | D63: Salt | E63: 0.25 | F63: tbsp | G63: $0.75/lb | H63: 0 | J63: =$I$74 -> 2.065 | K63: =CEILING(($J$64*3),0.5) -> 6.5
A64: entrée | B64: Chicken n Dumplings | C64: Dumpling Broth | D64: Pepper | E64: 0.25 | F64: tbsp | G64: $8.00/lb | H64: 0.05 | J64: =$I$74 -> 2.065 | K64: =CEILING(($J$64*3),0.5) -> 6.5
A65: entrée | B65: Chicken n Dumplings | C65: Dumpling Broth | D65: Chicken Breast | E65: 0.25 | F65: lb | G65: $3.00/lb | H65: 0.75 | J65: =$I$74 -> 2.065 | K65: =CEILING(($J$64*3),0.5) -> 6.5
A66: entrée | B66: Chicken n Dumplings | C66: Dumpling Broth | D66: Carrot | E66: 1.25 | F66: oz | G66: $0.50/lb ($0.04/oz) | H66: 0.05 | J66: =$I$74 -> 2.065 | K66: =CEILING(($J$64*3),0.5) -> 6.5
A67: entrée | B67: Chicken n Dumplings | C67: Dumpling Broth | D67: Celery | E67: 1.25 | F67: oz | G67: $0.50/lb ($0.04/oz) | H67: 0.05 | J67: =$I$74 -> 2.065 | K67: =CEILING(($J$64*3),0.5) -> 6.5
A68: entrée | B68: Chicken n Dumplings | C68: Dumpling Broth | D68: Yellow Onion | E68: 0.5 | F68: oz | G68: $0.50/lb ($0.04/oz) | H68: 0.02 | J68: =$I$74 -> 2.065 | K68: =CEILING(($J$64*3),0.5) -> 6.5
A69: entrée | B69: Chicken n Dumplings | C69: Dumplings | D69: Flour | E69: 0.5 | F69: cup | G69: $0.60/lb | H69: 0.08 | I69: =SUM(H69:H73) -> 0.77 | J69: =$I$74 -> 2.065 | K69: =CEILING(($J$64*3),0.5) -> 6.5
A70: entrée | B70: Chicken n Dumplings | C70: Dumplings | D70: Baking Powder | E70: 0.25 | F70: tbsp | G70: $4.50/lb | H70: 0.03 | J70: =$I$74 -> 2.065 | K70: =CEILING(($J$64*3),0.5) -> 6.5
A71: entrée | B71: Chicken n Dumplings | C71: Dumplings | D71: Salt | E71: 0.25 | F71: tbsp | G71: $0.75/lb | H71: 0 | J71: =$I$74 -> 2.065 | K71: =CEILING(($J$64*3),0.5) -> 6.5
A72: entrée | B72: Chicken n Dumplings | C72: Dumplings | D72: Butter | E72: 2 | F72: tbsp | G72: $2.55/lb | H72: 0.16 | J72: =$I$74 -> 2.065 | K72: =CEILING(($J$64*3),0.5) -> 6.5
A73: entrée | B73: Chicken n Dumplings | C73: Dumplings | D73: Buttermilk | E73: 0.25 | F73: cup | G73: $4.00/gal | H73: 0.5 | J73: =$I$74 -> 2.065 | K73: =CEILING(($J$64*3),0.5) -> 6.5
A74: entrée | B74: Total per Chicken n Dumplings Portion | C74: - | D74: - | F74: - | G74: - | I74: =SUM(I62:I73) -> 2.065 | J74: =$I$74 -> 2.065 | K74: =CEILING(($J$64*3),0.5) -> 6.5
A75: entrée | B75: Family Combo | C75: Rotisserie Chicken | D75: Whole Chicken | E75: 2.25 | F75: lb | G75: $1.65/lb | H75: 3.71 | I75: =SUM(H75:H82) -> 4.59 | J75: =$I$95 -> 6.66 | K75: =CEILING(($J$75*3),0.5) -> 20
A76: entrée | B76: Family Combo | C76: Rotisserie Chicken | D76: Olive Oil | E76: 1.5 | F76: tbsp | G76: $0.20/oz (~$0.10/tbsp) | H76: 0.15 | J76: =$I$95 -> 6.66 | K76: =CEILING(($J$75*3),0.5) -> 20
A77: entrée | B77: Family Combo | C77: Rotisserie Chicken | D77: Salt | E77: 1 | F77: tbsp | G77: $0.75/lb | H77: 0.02 | J77: =$I$95 -> 6.66 | K77: =CEILING(($J$75*3),0.5) -> 20
A78: entrée | B78: Family Combo | C78: Rotisserie Chicken | D78: Pepper | E78: 1 | F78: tbsp | G78: $8.00/lb | H78: 0.2 | J78: =$I$95 -> 6.66 | K78: =CEILING(($J$75*3),0.5) -> 20
A79: entrée | B79: Family Combo | C79: Rotisserie Chicken | D79: Garlic Salt | E79: 1 | F79: tbsp | G79: $5.25/lb | H79: 0.16 | J79: =$I$95 -> 6.66 | K79: =CEILING(($J$75*3),0.5) -> 20
A80: entrée | B80: Family Combo | C80: Rotisserie Chicken | D80: Parsley | E80: 1 | F80: tbsp | G80: $6.00/lb | H80: 0.1 | J80: =$I$95 -> 6.66 | K80: =CEILING(($J$75*3),0.5) -> 20
A81: entrée | B81: Family Combo | C81: Rotisserie Chicken | D81: Rosemary | E81: 1 | F81: tbsp | G81: $8.00/lb | H81: 0.13 | J81: =$I$95 -> 6.66 | K81: =CEILING(($J$75*3),0.5) -> 20
A82: entrée | B82: Family Combo | C82: Rotisserie Chicken | D82: Butter | E82: 1.5 | F82: tbsp | G82: $2.55/lb | H82: 0.12 | J82: =$I$95 -> 6.66 | K82: =CEILING(($J$75*3),0.5) -> 20
A83: entrée | B83: Family Combo | C83: Dumpling Broth | D83: Chicken Broth | E83: 4 | F83: cup | G83: $1.50/gal | H83: 0.38 | I83: =SUM(H83:H89) -> 1.3 | J83: =$I$95 -> 6.66 | K83: =CEILING(($J$75*3),0.5) -> 20
A84: entrée | B84: Family Combo | C84: Dumpling Broth | D84: Salt | E84: 0.25 | F84: tbsp | G84: $0.75/lb | H84: 0 | J84: =$I$95 -> 6.66 | K84: =CEILING(($J$75*3),0.5) -> 20
A85: entrée | B85: Family Combo | C85: Dumpling Broth | D85: Pepper | E85: 0.25 | F85: tbsp | G85: $8.00/lb | H85: 0.05 | J85: =$I$95 -> 6.66 | K85: =CEILING(($J$75*3),0.5) -> 20
A86: entrée | B86: Family Combo | C86: Dumpling Broth | D86: Chicken Breast | E86: 0.25 | F86: lb | G86: $3.00/lb | H86: 0.75 | J86: =$I$95 -> 6.66 | K86: =CEILING(($J$75*3),0.5) -> 20
A87: entrée | B87: Family Combo | C87: Dumpling Broth | D87: Carrot | E87: 1.25 | F87: oz | G87: $0.50/lb ($0.04/oz) | H87: 0.05 | J87: =$I$95 -> 6.66 | K87: =CEILING(($J$75*3),0.5) -> 20
A88: entrée | B88: Family Combo | C88: Dumpling Broth | D88: Celery | E88: 1.25 | F88: oz | G88: $0.50/lb ($0.04/oz) | H88: 0.05 | J88: =$I$95 -> 6.66 | K88: =CEILING(($J$75*3),0.5) -> 20
A89: entrée | B89: Family Combo | C89: Dumpling Broth | D89: Yellow Onion | E89: 0.5 | F89: oz | G89: $0.50/lb ($0.04/oz) | H89: 0.02 | J89: =$I$95 -> 6.66 | K89: =CEILING(($J$75*3),0.5) -> 20
A90: entrée | B90: Family Combo | C90: Dumplings | D90: Flour | E90: 0.5 | F90: cup | G90: $0.60/lb | H90: 0.08 | I90: =SUM(H90:H94) -> 0.77 | J90: =$I$95 -> 6.66 | K90: =CEILING(($J$75*3),0.5) -> 20
A91: entrée | B91: Family Combo | C91: Dumplings | D91: Baking Powder | E91: 0.25 | F91: tbsp | G91: $4.50/lb | H91: 0.03 | J91: =$I$95 -> 6.66 | K91: =CEILING(($J$75*3),0.5) -> 20
A92: entrée | B92: Family Combo | C92: Dumplings | D92: Salt | E92: 0.25 | F92: tbsp | G92: $0.75/lb | H92: 0 | J92: =$I$95 -> 6.66 | K92: =CEILING(($J$75*3),0.5) -> 20
A93: entrée | B93: Family Combo | C93: Dumplings | D93: Butter | E93: 2 | F93: tbsp | G93: $2.55/lb | H93: 0.16 | J93: =$I$95 -> 6.66 | K93: =CEILING(($J$75*3),0.5) -> 20
A94: entrée | B94: Family Combo | C94: Dumplings | D94: Buttermilk | E94: 0.25 | F94: cup | G94: $4.00/gal | H94: 0.5 | J94: =$I$95 -> 6.66 | K94: =CEILING(($J$75*3),0.5) -> 20
A95: entrée | B95: Total per Family Combo Portion | C95: - | D95: - | F95: - | G95: - | I95: =SUM(I75:I94) -> 6.66 | J95: =$I$95 -> 6.66 | K95: =CEILING(($J$75*3),0.5) -> 20
A96: side | B96: Wedges | C96: Potato Wedges | D96: Potatoes | E96: 1 | F96: potato | G96: $0.80/lb (~$0.50 each) | H96: 0.5 | I96: =SUM(H96:H106) -> 0.97 | J96: =$I$107 -> 0.97 | K96: =CEILING(($J$96*3),0.5) -> 3
A97: side | B97: Wedges | C97: Potato Wedges | D97: Whole Milk | E97: 0.25 | F97: cup | G97: $2.75/gal | H97: 0.17 | J97: 0.8 | K97: =CEILING(($J$96*3),0.5) -> 3
A98: side | B98: Wedges | C98: Potato Wedges | D98: Egg | E98: 0.25 | F98: egg | G98: $0.21/egg | H98: 0.05 | J98: 0.8 | K98: =CEILING(($J$96*3),0.5) -> 3
A99: side | B99: Wedges | C99: Potato Wedges | D99: Flour | E99: 0.25 | F99: cup | G99: $0.60/lb | H99: 0.04 | J99: 0.8 | K99: =CEILING(($J$96*3),0.5) -> 3
A100: side | B100: Wedges | C100: Potato Wedges | D100: Cornstarch | E100: 0.5 | F100: tbsp | G100: $0.80/lb | H100: 0.01 | J100: 0.8 | K100: =CEILING(($J$96*3),0.5) -> 3
...

Sheet avg menu prices
A1: category | B1: avg menu cost | C1: avg menu price
A2: entrée | B2: =AVERAGE('Cost Breakdown'!J19,'Cost Breakdown'!J32,'Cost Breakdown'!J45,'Cost Breakdown'!J61,'Cost Breakdown'!J74,'Cost Breakdown'!J95) -> 2.7825 | C2: =AVERAGE('Cost Breakdown'!K19,'Cost Breakdown'!K32,'Cost Breakdown'!K45,'Cost Breakdown'!K61,'Cost Breakdown'!K74,'Cost Breakdown'!K95) -> 8.5833333
A3: side | B3: =AVERAGE('Cost Breakdown'!I107,'Cost Breakdown'!I115,'Cost Breakdown'!I121) -> 0.58666667 | C3: =AVERAGE('Cost Breakdown'!K121,'Cost Breakdown'!K115,'Cost Breakdown'!K107) -> 2
A4: drink | B4: =AVERAGE('Cost Breakdown'!I134,'Cost Breakdown'!I130,'Cost Breakdown'!I127,'Cost Breakdown'!I124) -> 0.83 | C4: =AVERAGE('Cost Breakdown'!K134,'Cost Breakdown'!K130,'Cost Breakdown'!K127,'Cost Breakdown'!K124) -> 4.125
A5: total | B5: =SUM(B2:B4) -> 4.1991667 | C5: =SUM(C2:C4) -> 14.708333
